stop_id,hour,size,stop_name,lon,lat
8501045,00,1,Denges-Echandens,6.540507874651453,46.52912986732329
8501045,05,1,Denges-Echandens,6.540507874651453,46.52912986732329
8501045,06,2,Denges-Echandens,6.540507874651453,46.52912986732329
8501045,07,2,Denges-Echandens,6.540507874651453,46.52912986732329
8501045,08,2,Denges-Echandens,6.540507874651453,46.52912986732329
8501045,09,2,Denges-Echandens,6.540507874651453,46.52912986732329
8501045,10,2,Denges-Echandens,6.540507874651453,46.52912986732329
8501045,11,2,Denges-Echandens,6.540507874651453,46.52912986732329
8501045,12,2,Denges-Echandens,6.540507874651453,46.52912986732329
8501045,13,2,Denges-Echandens,6.540507874651453,46.52912986732329
8501045,14,2,Denges-Echandens,6.540507874651453,46.52912986732329
8501045,15,2,Denges-Echandens,6.540507874651453,46.52912986732329
8501045,16,2,Denges-Echandens,6.540507874651453,46.52912986732329
8501045,17,2,Denges-Echandens,6.540507874651453,46.52912986732329
8501045,18,2,Denges-Echandens,6.540507874651453,46.52912986732329
8501045,19,2,Denges-Echandens,6.540507874651453,46.52912986732329
8501045,20,2,Denges-Echandens,6.540507874651453,46.52912986732329
8501045,21,2,Denges-Echandens,6.540507874651453,46.52912986732329
8501045,22,2,Denges-Echandens,6.540507874651453,46.52912986732329
8501045,23,2,Denges-Echandens,6.540507874651453,46.52912986732329
8501048,00,1,Lonay-Préverenges,6.519545989368778,46.523132472527486
8501048,05,1,Lonay-Préverenges,6.519545989368778,46.523132472527486
8501048,06,2,Lonay-Préverenges,6.519545989368778,46.523132472527486
8501048,07,2,Lonay-Préverenges,6.519545989368778,46.523132472527486
8501048,08,2,Lonay-Préverenges,6.519545989368778,46.523132472527486
8501048,09,2,Lonay-Préverenges,6.519545989368778,46.523132472527486
8501048,10,2,Lonay-Préverenges,6.519545989368778,46.523132472527486
8501048,11,2,Lonay-Préverenges,6.519545989368778,46.523132472527486
8501048,12,2,Lonay-Préverenges,6.519545989368778,46.523132472527486
8501048,13,2,Lonay-Préverenges,6.519545989368778,46.523132472527486
8501048,14,2,Lonay-Préverenges,6.519545989368778,46.523132472527486
8501048,15,2,Lonay-Préverenges,6.519545989368778,46.523132472527486
8501048,16,2,Lonay-Préverenges,6.519545989368778,46.523132472527486
8501048,17,2,Lonay-Préverenges,6.519545989368778,46.523132472527486
8501048,18,2,Lonay-Préverenges,6.519545989368778,46.523132472527486
8501048,19,2,Lonay-Préverenges,6.519545989368778,46.523132472527486
8501048,20,2,Lonay-Préverenges,6.519545989368778,46.523132472527486
8501048,21,2,Lonay-Préverenges,6.519545989368778,46.523132472527486
8501048,22,2,Lonay-Préverenges,6.519545989368778,46.523132472527486
8501048,23,2,Lonay-Préverenges,6.519545989368778,46.523132472527486
8501116,00,3,Vufflens-la-Ville,6.530761771669815,46.57624631972227
8501116,05,3,Vufflens-la-Ville,6.530761771669815,46.57624631972227
8501116,06,4,Vufflens-la-Ville,6.530761771669815,46.57624631972227
8501116,07,4,Vufflens-la-Ville,6.530761771669815,46.57624631972227
8501116,08,4,Vufflens-la-Ville,6.530761771669815,46.57624631972227
8501116,09,4,Vufflens-la-Ville,6.530761771669815,46.57624631972227
8501116,10,4,Vufflens-la-Ville,6.530761771669815,46.57624631972227
8501116,11,4,Vufflens-la-Ville,6.530761771669815,46.57624631972227
8501116,12,4,Vufflens-la-Ville,6.530761771669815,46.57624631972227
8501116,13,4,Vufflens-la-Ville,6.530761771669815,46.57624631972227
8501116,14,4,Vufflens-la-Ville,6.530761771669815,46.57624631972227
8501116,15,4,Vufflens-la-Ville,6.530761771669815,46.57624631972227
8501116,16,4,Vufflens-la-Ville,6.530761771669815,46.57624631972227
8501116,17,4,Vufflens-la-Ville,6.530761771669815,46.57624631972227
8501116,18,4,Vufflens-la-Ville,6.530761771669815,46.57624631972227
8501116,19,4,Vufflens-la-Ville,6.530761771669815,46.57624631972227
8501116,20,4,Vufflens-la-Ville,6.530761771669815,46.57624631972227
8501116,21,4,Vufflens-la-Ville,6.530761771669815,46.57624631972227
8501116,22,4,Vufflens-la-Ville,6.530761771669815,46.57624631972227
8501116,23,4,Vufflens-la-Ville,6.530761771669815,46.57624631972227
8501117,00,4,Bussigny,6.55183182882155,46.5475891073928
8501117,01,1,Bussigny,6.55183182882155,46.5475891073928
8501117,05,5,Bussigny,6.55183182882155,46.5475891073928
8501117,06,8,Bussigny,6.55183182882155,46.5475891073928
8501117,07,8,Bussigny,6.55183182882155,46.5475891073928
8501117,08,8,Bussigny,6.55183182882155,46.5475891073928
8501117,09,6,Bussigny,6.55183182882155,46.5475891073928
8501117,10,6,Bussigny,6.55183182882155,46.5475891073928
8501117,11,6,Bussigny,6.55183182882155,46.5475891073928
8501117,12,6,Bussigny,6.55183182882155,46.5475891073928
8501117,13,6,Bussigny,6.55183182882155,46.5475891073928
8501117,14,6,Bussigny,6.55183182882155,46.5475891073928
8501117,15,6,Bussigny,6.55183182882155,46.5475891073928
8501117,16,8,Bussigny,6.55183182882155,46.5475891073928
8501117,17,7,Bussigny,6.55183182882155,46.5475891073928
8501117,18,8,Bussigny,6.55183182882155,46.5475891073928
8501117,19,6,Bussigny,6.55183182882155,46.5475891073928
8501117,20,6,Bussigny,6.55183182882155,46.5475891073928
8501117,21,6,Bussigny,6.55183182882155,46.5475891073928
8501117,22,6,Bussigny,6.55183182882155,46.5475891073928
8501117,23,6,Bussigny,6.55183182882155,46.5475891073928
8501118,00,9,Renens VD,6.578938168575626,46.53703826915346
8501118,01,3,Renens VD,6.578938168575626,46.53703826915346
8501118,03,1,Renens VD,6.578938168575626,46.53703826915346
8501118,04,1,Renens VD,6.578938168575626,46.53703826915346
8501118,05,12,Renens VD,6.578938168575626,46.53703826915346
8501118,06,16,Renens VD,6.578938168575626,46.53703826915346
8501118,07,17,Renens VD,6.578938168575626,46.53703826915346
8501118,08,18,Renens VD,6.578938168575626,46.53703826915346
8501118,09,14,Renens VD,6.578938168575626,46.53703826915346
8501118,10,14,Renens VD,6.578938168575626,46.53703826915346
8501118,11,14,Renens VD,6.578938168575626,46.53703826915346
8501118,12,16,Renens VD,6.578938168575626,46.53703826915346
8501118,13,14,Renens VD,6.578938168575626,46.53703826915346
8501118,14,14,Renens VD,6.578938168575626,46.53703826915346
8501118,15,14,Renens VD,6.578938168575626,46.53703826915346
8501118,16,17,Renens VD,6.578938168575626,46.53703826915346
8501118,17,16,Renens VD,6.578938168575626,46.53703826915346
8501118,18,16,Renens VD,6.578938168575626,46.53703826915346
8501118,19,14,Renens VD,6.578938168575626,46.53703826915346
8501118,20,14,Renens VD,6.578938168575626,46.53703826915346
8501118,21,14,Renens VD,6.578938168575626,46.53703826915346
8501118,22,14,Renens VD,6.578938168575626,46.53703826915346
8501118,23,14,Renens VD,6.578938168575626,46.53703826915346
8501120,00,13,Lausanne,6.6290924759666545,46.516788130312484
8501120,01,3,Lausanne,6.6290924759666545,46.516788130312484
8501120,05,7,Lausanne,6.6290924759666545,46.516788130312484
8501120,06,23,Lausanne,6.6290924759666545,46.516788130312484
8501120,07,27,Lausanne,6.6290924759666545,46.516788130312484
8501120,08,27,Lausanne,6.6290924759666545,46.516788130312484
8501120,09,23,Lausanne,6.6290924759666545,46.516788130312484
8501120,10,24,Lausanne,6.6290924759666545,46.516788130312484
8501120,11,25,Lausanne,6.6290924759666545,46.516788130312484
8501120,12,25,Lausanne,6.6290924759666545,46.516788130312484
8501120,13,23,Lausanne,6.6290924759666545,46.516788130312484
8501120,14,23,Lausanne,6.6290924759666545,46.516788130312484
8501120,15,24,Lausanne,6.6290924759666545,46.516788130312484
8501120,16,24,Lausanne,6.6290924759666545,46.516788130312484
8501120,17,24,Lausanne,6.6290924759666545,46.516788130312484
8501120,18,25,Lausanne,6.6290924759666545,46.516788130312484
8501120,19,23,Lausanne,6.6290924759666545,46.516788130312484
8501120,20,24,Lausanne,6.6290924759666545,46.516788130312484
8501120,21,22,Lausanne,6.6290924759666545,46.516788130312484
8501120,22,17,Lausanne,6.6290924759666545,46.516788130312484
8501120,23,15,Lausanne,6.6290924759666545,46.516788130312484
8501121,00,4,Pully,6.659462010715067,46.510919478874236
8501121,05,4,Pully,6.659462010715067,46.510919478874236
8501121,06,4,Pully,6.659462010715067,46.510919478874236
8501121,07,4,Pully,6.659462010715067,46.510919478874236
8501121,08,4,Pully,6.659462010715067,46.510919478874236
8501121,09,4,Pully,6.659462010715067,46.510919478874236
8501121,10,4,Pully,6.659462010715067,46.510919478874236
8501121,11,4,Pully,6.659462010715067,46.510919478874236
8501121,12,4,Pully,6.659462010715067,46.510919478874236
8501121,13,4,Pully,6.659462010715067,46.510919478874236
8501121,14,4,Pully,6.659462010715067,46.510919478874236
8501121,15,4,Pully,6.659462010715067,46.510919478874236
8501121,16,4,Pully,6.659462010715067,46.510919478874236
8501121,17,4,Pully,6.659462010715067,46.510919478874236
8501121,18,4,Pully,6.659462010715067,46.510919478874236
8501121,19,4,Pully,6.659462010715067,46.510919478874236
8501121,20,4,Pully,6.659462010715067,46.510919478874236
8501121,21,4,Pully,6.659462010715067,46.510919478874236
8501121,22,2,Pully,6.659462010715067,46.510919478874236
8501121,23,2,Pully,6.659462010715067,46.510919478874236
8501122,00,4,Lutry,6.690610989676997,46.50378845186236
8501122,05,4,Lutry,6.690610989676997,46.50378845186236
8501122,06,4,Lutry,6.690610989676997,46.50378845186236
8501122,07,4,Lutry,6.690610989676997,46.50378845186236
8501122,08,4,Lutry,6.690610989676997,46.50378845186236
8501122,09,4,Lutry,6.690610989676997,46.50378845186236
8501122,10,4,Lutry,6.690610989676997,46.50378845186236
8501122,11,4,Lutry,6.690610989676997,46.50378845186236
8501122,12,4,Lutry,6.690610989676997,46.50378845186236
8501122,13,4,Lutry,6.690610989676997,46.50378845186236
8501122,14,4,Lutry,6.690610989676997,46.50378845186236
8501122,15,4,Lutry,6.690610989676997,46.50378845186236
8501122,16,4,Lutry,6.690610989676997,46.50378845186236
8501122,17,4,Lutry,6.690610989676997,46.50378845186236
8501122,18,4,Lutry,6.690610989676997,46.50378845186236
8501122,19,4,Lutry,6.690610989676997,46.50378845186236
8501122,20,4,Lutry,6.690610989676997,46.50378845186236
8501122,21,4,Lutry,6.690610989676997,46.50378845186236
8501122,22,2,Lutry,6.690610989676997,46.50378845186236
8501122,23,2,Lutry,6.690610989676997,46.50378845186236
8501123,00,2,Villette VD,6.707374128307593,46.4954235623091
8501123,05,2,Villette VD,6.707374128307593,46.4954235623091
8501123,06,2,Villette VD,6.707374128307593,46.4954235623091
8501123,07,2,Villette VD,6.707374128307593,46.4954235623091
8501123,08,2,Villette VD,6.707374128307593,46.4954235623091
8501123,09,2,Villette VD,6.707374128307593,46.4954235623091
8501123,10,2,Villette VD,6.707374128307593,46.4954235623091
8501123,11,2,Villette VD,6.707374128307593,46.4954235623091
8501123,12,2,Villette VD,6.707374128307593,46.4954235623091
8501123,13,2,Villette VD,6.707374128307593,46.4954235623091
8501123,14,2,Villette VD,6.707374128307593,46.4954235623091
8501123,15,2,Villette VD,6.707374128307593,46.4954235623091
8501123,16,2,Villette VD,6.707374128307593,46.4954235623091
8501123,17,2,Villette VD,6.707374128307593,46.4954235623091
8501123,18,2,Villette VD,6.707374128307593,46.4954235623091
8501123,19,2,Villette VD,6.707374128307593,46.4954235623091
8501123,20,2,Villette VD,6.707374128307593,46.4954235623091
8501123,21,2,Villette VD,6.707374128307593,46.4954235623091
8501123,22,2,Villette VD,6.707374128307593,46.4954235623091
8501123,23,2,Villette VD,6.707374128307593,46.4954235623091
8501160,00,2,Lausanne-Chauderon,6.626063643963096,46.523225662225535
8501160,05,4,Lausanne-Chauderon,6.626063643963096,46.523225662225535
8501160,06,8,Lausanne-Chauderon,6.626063643963096,46.523225662225535
8501160,07,8,Lausanne-Chauderon,6.626063643963096,46.523225662225535
8501160,08,8,Lausanne-Chauderon,6.626063643963096,46.523225662225535
8501160,09,8,Lausanne-Chauderon,6.626063643963096,46.523225662225535
8501160,10,8,Lausanne-Chauderon,6.626063643963096,46.523225662225535
8501160,11,8,Lausanne-Chauderon,6.626063643963096,46.523225662225535
8501160,12,8,Lausanne-Chauderon,6.626063643963096,46.523225662225535
8501160,13,8,Lausanne-Chauderon,6.626063643963096,46.523225662225535
8501160,14,8,Lausanne-Chauderon,6.626063643963096,46.523225662225535
8501160,15,8,Lausanne-Chauderon,6.626063643963096,46.523225662225535
8501160,16,8,Lausanne-Chauderon,6.626063643963096,46.523225662225535
8501160,17,8,Lausanne-Chauderon,6.626063643963096,46.523225662225535
8501160,18,8,Lausanne-Chauderon,6.626063643963096,46.523225662225535
8501160,19,8,Lausanne-Chauderon,6.626063643963096,46.523225662225535
8501160,20,8,Lausanne-Chauderon,6.626063643963096,46.523225662225535
8501160,21,4,Lausanne-Chauderon,6.626063643963096,46.523225662225535
8501160,22,4,Lausanne-Chauderon,6.626063643963096,46.523225662225535
8501160,23,4,Lausanne-Chauderon,6.626063643963096,46.523225662225535
8501162,00,2,Union-Prilly,6.609843768608344,46.534722293799405
8501162,05,4,Union-Prilly,6.609843768608344,46.534722293799405
8501162,06,8,Union-Prilly,6.609843768608344,46.534722293799405
8501162,07,8,Union-Prilly,6.609843768608344,46.534722293799405
8501162,08,8,Union-Prilly,6.609843768608344,46.534722293799405
8501162,09,8,Union-Prilly,6.609843768608344,46.534722293799405
8501162,10,8,Union-Prilly,6.609843768608344,46.534722293799405
8501162,11,8,Union-Prilly,6.609843768608344,46.534722293799405
8501162,12,8,Union-Prilly,6.609843768608344,46.534722293799405
8501162,13,8,Union-Prilly,6.609843768608344,46.534722293799405
8501162,14,8,Union-Prilly,6.609843768608344,46.534722293799405
8501162,15,8,Union-Prilly,6.609843768608344,46.534722293799405
8501162,16,8,Union-Prilly,6.609843768608344,46.534722293799405
8501162,17,8,Union-Prilly,6.609843768608344,46.534722293799405
8501162,18,8,Union-Prilly,6.609843768608344,46.534722293799405
8501162,19,8,Union-Prilly,6.609843768608344,46.534722293799405
8501162,20,8,Union-Prilly,6.609843768608344,46.534722293799405
8501162,21,4,Union-Prilly,6.609843768608344,46.534722293799405
8501162,22,4,Union-Prilly,6.609843768608344,46.534722293799405
8501162,23,4,Union-Prilly,6.609843768608344,46.534722293799405
8501163,00,2,Prilly-Chasseur,6.607434536930307,46.53965252624522
8501163,05,4,Prilly-Chasseur,6.607434536930307,46.53965252624522
8501163,06,8,Prilly-Chasseur,6.607434536930307,46.53965252624522
8501163,07,8,Prilly-Chasseur,6.607434536930307,46.53965252624522
8501163,08,8,Prilly-Chasseur,6.607434536930307,46.53965252624522
8501163,09,8,Prilly-Chasseur,6.607434536930307,46.53965252624522
8501163,10,8,Prilly-Chasseur,6.607434536930307,46.53965252624522
8501163,11,8,Prilly-Chasseur,6.607434536930307,46.53965252624522
8501163,12,8,Prilly-Chasseur,6.607434536930307,46.53965252624522
8501163,13,8,Prilly-Chasseur,6.607434536930307,46.53965252624522
8501163,14,8,Prilly-Chasseur,6.607434536930307,46.53965252624522
8501163,15,8,Prilly-Chasseur,6.607434536930307,46.53965252624522
8501163,16,8,Prilly-Chasseur,6.607434536930307,46.53965252624522
8501163,17,8,Prilly-Chasseur,6.607434536930307,46.53965252624522
8501163,18,8,Prilly-Chasseur,6.607434536930307,46.53965252624522
8501163,19,8,Prilly-Chasseur,6.607434536930307,46.53965252624522
8501163,20,8,Prilly-Chasseur,6.607434536930307,46.53965252624522
8501163,21,4,Prilly-Chasseur,6.607434536930307,46.53965252624522
8501163,22,4,Prilly-Chasseur,6.607434536930307,46.53965252624522
8501163,23,4,Prilly-Chasseur,6.607434536930307,46.53965252624522
8501164,00,2,Cery-Fleur-de-Lys,6.605011829484578,46.5445826106184
8501164,05,4,Cery-Fleur-de-Lys,6.605011829484578,46.5445826106184
8501164,06,8,Cery-Fleur-de-Lys,6.605011829484578,46.5445826106184
8501164,07,8,Cery-Fleur-de-Lys,6.605011829484578,46.5445826106184
8501164,08,8,Cery-Fleur-de-Lys,6.605011829484578,46.5445826106184
8501164,09,8,Cery-Fleur-de-Lys,6.605011829484578,46.5445826106184
8501164,10,8,Cery-Fleur-de-Lys,6.605011829484578,46.5445826106184
8501164,11,8,Cery-Fleur-de-Lys,6.605011829484578,46.5445826106184
8501164,12,8,Cery-Fleur-de-Lys,6.605011829484578,46.5445826106184
8501164,13,8,Cery-Fleur-de-Lys,6.605011829484578,46.5445826106184
8501164,14,8,Cery-Fleur-de-Lys,6.605011829484578,46.5445826106184
8501164,15,8,Cery-Fleur-de-Lys,6.605011829484578,46.5445826106184
8501164,16,8,Cery-Fleur-de-Lys,6.605011829484578,46.5445826106184
8501164,17,8,Cery-Fleur-de-Lys,6.605011829484578,46.5445826106184
8501164,18,8,Cery-Fleur-de-Lys,6.605011829484578,46.5445826106184
8501164,19,8,Cery-Fleur-de-Lys,6.605011829484578,46.5445826106184
8501164,20,8,Cery-Fleur-de-Lys,6.605011829484578,46.5445826106184
8501164,21,4,Cery-Fleur-de-Lys,6.605011829484578,46.5445826106184
8501164,22,4,Cery-Fleur-de-Lys,6.605011829484578,46.5445826106184
8501164,23,4,Cery-Fleur-de-Lys,6.605011829484578,46.5445826106184
8501165,00,2,Jouxtens-Mézery,6.601694144856327,46.548336556726746
8501165,05,4,Jouxtens-Mézery,6.601694144856327,46.548336556726746
8501165,06,8,Jouxtens-Mézery,6.601694144856327,46.548336556726746
8501165,07,8,Jouxtens-Mézery,6.601694144856327,46.548336556726746
8501165,08,8,Jouxtens-Mézery,6.601694144856327,46.548336556726746
8501165,09,8,Jouxtens-Mézery,6.601694144856327,46.548336556726746
8501165,10,8,Jouxtens-Mézery,6.601694144856327,46.548336556726746
8501165,11,8,Jouxtens-Mézery,6.601694144856327,46.548336556726746
8501165,12,8,Jouxtens-Mézery,6.601694144856327,46.548336556726746
8501165,13,8,Jouxtens-Mézery,6.601694144856327,46.548336556726746
8501165,14,8,Jouxtens-Mézery,6.601694144856327,46.548336556726746
8501165,15,8,Jouxtens-Mézery,6.601694144856327,46.548336556726746
8501165,16,8,Jouxtens-Mézery,6.601694144856327,46.548336556726746
8501165,17,8,Jouxtens-Mézery,6.601694144856327,46.548336556726746
8501165,18,8,Jouxtens-Mézery,6.601694144856327,46.548336556726746
8501165,19,8,Jouxtens-Mézery,6.601694144856327,46.548336556726746
8501165,20,8,Jouxtens-Mézery,6.601694144856327,46.548336556726746
8501165,21,4,Jouxtens-Mézery,6.601694144856327,46.548336556726746
8501165,22,4,Jouxtens-Mézery,6.601694144856327,46.548336556726746
8501165,23,4,Jouxtens-Mézery,6.601694144856327,46.548336556726746
8501166,00,2,Romanel-sur-Lausanne,6.603170655084413,46.56247130405969
8501166,05,4,Romanel-sur-Lausanne,6.603170655084413,46.56247130405969
8501166,06,8,Romanel-sur-Lausanne,6.603170655084413,46.56247130405969
8501166,07,8,Romanel-sur-Lausanne,6.603170655084413,46.56247130405969
8501166,08,8,Romanel-sur-Lausanne,6.603170655084413,46.56247130405969
8501166,09,8,Romanel-sur-Lausanne,6.603170655084413,46.56247130405969
8501166,10,8,Romanel-sur-Lausanne,6.603170655084413,46.56247130405969
8501166,11,8,Romanel-sur-Lausanne,6.603170655084413,46.56247130405969
8501166,12,8,Romanel-sur-Lausanne,6.603170655084413,46.56247130405969
8501166,13,8,Romanel-sur-Lausanne,6.603170655084413,46.56247130405969
8501166,14,8,Romanel-sur-Lausanne,6.603170655084413,46.56247130405969
8501166,15,8,Romanel-sur-Lausanne,6.603170655084413,46.56247130405969
8501166,16,8,Romanel-sur-Lausanne,6.603170655084413,46.56247130405969
8501166,17,8,Romanel-sur-Lausanne,6.603170655084413,46.56247130405969
8501166,18,8,Romanel-sur-Lausanne,6.603170655084413,46.56247130405969
8501166,19,8,Romanel-sur-Lausanne,6.603170655084413,46.56247130405969
8501166,20,8,Romanel-sur-Lausanne,6.603170655084413,46.56247130405969
8501166,21,4,Romanel-sur-Lausanne,6.603170655084413,46.56247130405969
8501166,22,4,Romanel-sur-Lausanne,6.603170655084413,46.56247130405969
8501166,23,4,Romanel-sur-Lausanne,6.603170655084413,46.56247130405969
8501168,00,2,Vernand-Camarès,6.6048006624075954,46.57093960931311
8501168,05,4,Vernand-Camarès,6.6048006624075954,46.57093960931311
8501168,06,8,Vernand-Camarès,6.6048006624075954,46.57093960931311
8501168,07,8,Vernand-Camarès,6.6048006624075954,46.57093960931311
8501168,08,8,Vernand-Camarès,6.6048006624075954,46.57093960931311
8501168,09,8,Vernand-Camarès,6.6048006624075954,46.57093960931311
8501168,10,8,Vernand-Camarès,6.6048006624075954,46.57093960931311
8501168,11,8,Vernand-Camarès,6.6048006624075954,46.57093960931311
8501168,12,8,Vernand-Camarès,6.6048006624075954,46.57093960931311
8501168,13,8,Vernand-Camarès,6.6048006624075954,46.57093960931311
8501168,14,8,Vernand-Camarès,6.6048006624075954,46.57093960931311
8501168,15,8,Vernand-Camarès,6.6048006624075954,46.57093960931311
8501168,16,8,Vernand-Camarès,6.6048006624075954,46.57093960931311
8501168,17,8,Vernand-Camarès,6.6048006624075954,46.57093960931311
8501168,18,8,Vernand-Camarès,6.6048006624075954,46.57093960931311
8501168,19,8,Vernand-Camarès,6.6048006624075954,46.57093960931311
8501168,20,8,Vernand-Camarès,6.6048006624075954,46.57093960931311
8501168,21,4,Vernand-Camarès,6.6048006624075954,46.57093960931311
8501168,22,4,Vernand-Camarès,6.6048006624075954,46.57093960931311
8501168,23,4,Vernand-Camarès,6.6048006624075954,46.57093960931311
8501170,00,2,Bel-Air LEB,6.6055291277819,46.57868158691012
8501170,05,4,Bel-Air LEB,6.6055291277819,46.57868158691012
8501170,06,8,Bel-Air LEB,6.6055291277819,46.57868158691012
8501170,07,8,Bel-Air LEB,6.6055291277819,46.57868158691012
8501170,08,8,Bel-Air LEB,6.6055291277819,46.57868158691012
8501170,09,8,Bel-Air LEB,6.6055291277819,46.57868158691012
8501170,10,8,Bel-Air LEB,6.6055291277819,46.57868158691012
8501170,11,8,Bel-Air LEB,6.6055291277819,46.57868158691012
8501170,12,8,Bel-Air LEB,6.6055291277819,46.57868158691012
8501170,13,8,Bel-Air LEB,6.6055291277819,46.57868158691012
8501170,14,8,Bel-Air LEB,6.6055291277819,46.57868158691012
8501170,15,8,Bel-Air LEB,6.6055291277819,46.57868158691012
8501170,16,8,Bel-Air LEB,6.6055291277819,46.57868158691012
8501170,17,8,Bel-Air LEB,6.6055291277819,46.57868158691012
8501170,18,8,Bel-Air LEB,6.6055291277819,46.57868158691012
8501170,19,8,Bel-Air LEB,6.6055291277819,46.57868158691012
8501170,20,8,Bel-Air LEB,6.6055291277819,46.57868158691012
8501170,21,4,Bel-Air LEB,6.6055291277819,46.57868158691012
8501170,22,4,Bel-Air LEB,6.6055291277819,46.57868158691012
8501170,23,4,Bel-Air LEB,6.6055291277819,46.57868158691012
8501181,00,1,Lausanne-Flon,6.630335627073175,46.520800250669126
8501181,05,2,Lausanne-Flon,6.630335627073175,46.520800250669126
8501181,06,4,Lausanne-Flon,6.630335627073175,46.520800250669126
8501181,07,4,Lausanne-Flon,6.630335627073175,46.520800250669126
8501181,08,4,Lausanne-Flon,6.630335627073175,46.520800250669126
8501181,09,4,Lausanne-Flon,6.630335627073175,46.520800250669126
8501181,10,4,Lausanne-Flon,6.630335627073175,46.520800250669126
8501181,11,4,Lausanne-Flon,6.630335627073175,46.520800250669126
8501181,12,4,Lausanne-Flon,6.630335627073175,46.520800250669126
8501181,13,4,Lausanne-Flon,6.630335627073175,46.520800250669126
8501181,14,4,Lausanne-Flon,6.630335627073175,46.520800250669126
8501181,15,4,Lausanne-Flon,6.630335627073175,46.520800250669126
8501181,16,4,Lausanne-Flon,6.630335627073175,46.520800250669126
8501181,17,4,Lausanne-Flon,6.630335627073175,46.520800250669126
8501181,18,4,Lausanne-Flon,6.630335627073175,46.520800250669126
8501181,19,4,Lausanne-Flon,6.630335627073175,46.520800250669126
8501181,20,4,Lausanne-Flon,6.630335627073175,46.520800250669126
8501181,21,2,Lausanne-Flon,6.630335627073175,46.520800250669126
8501181,22,2,Lausanne-Flon,6.630335627073175,46.520800250669126
8501181,23,2,Lausanne-Flon,6.630335627073175,46.520800250669126
8504000,00,2,Pully-Nord,6.657987464321825,46.51467868372711
8504000,05,3,Pully-Nord,6.657987464321825,46.51467868372711
8504000,06,4,Pully-Nord,6.657987464321825,46.51467868372711
8504000,07,4,Pully-Nord,6.657987464321825,46.51467868372711
8504000,08,4,Pully-Nord,6.657987464321825,46.51467868372711
8504000,09,4,Pully-Nord,6.657987464321825,46.51467868372711
8504000,10,4,Pully-Nord,6.657987464321825,46.51467868372711
8504000,11,4,Pully-Nord,6.657987464321825,46.51467868372711
8504000,12,4,Pully-Nord,6.657987464321825,46.51467868372711
8504000,13,4,Pully-Nord,6.657987464321825,46.51467868372711
8504000,14,4,Pully-Nord,6.657987464321825,46.51467868372711
8504000,15,4,Pully-Nord,6.657987464321825,46.51467868372711
8504000,16,4,Pully-Nord,6.657987464321825,46.51467868372711
8504000,17,4,Pully-Nord,6.657987464321825,46.51467868372711
8504000,18,4,Pully-Nord,6.657987464321825,46.51467868372711
8504000,19,4,Pully-Nord,6.657987464321825,46.51467868372711
8504000,20,4,Pully-Nord,6.657987464321825,46.51467868372711
8504000,21,4,Pully-Nord,6.657987464321825,46.51467868372711
8504000,22,4,Pully-Nord,6.657987464321825,46.51467868372711
8504000,23,4,Pully-Nord,6.657987464321825,46.51467868372711
8504003,00,1,Bossière,6.699323529467779,46.50974696958683
8504003,05,1,Bossière,6.699323529467779,46.50974696958683
8504003,06,2,Bossière,6.699323529467779,46.50974696958683
8504003,07,2,Bossière,6.699323529467779,46.50974696958683
8504003,08,2,Bossière,6.699323529467779,46.50974696958683
8504003,09,2,Bossière,6.699323529467779,46.50974696958683
8504003,10,2,Bossière,6.699323529467779,46.50974696958683
8504003,11,2,Bossière,6.699323529467779,46.50974696958683
8504003,12,2,Bossière,6.699323529467779,46.50974696958683
8504003,13,2,Bossière,6.699323529467779,46.50974696958683
8504003,14,2,Bossière,6.699323529467779,46.50974696958683
8504003,15,2,Bossière,6.699323529467779,46.50974696958683
8504003,16,2,Bossière,6.699323529467779,46.50974696958683
8504003,17,2,Bossière,6.699323529467779,46.50974696958683
8504003,18,2,Bossière,6.699323529467779,46.50974696958683
8504003,19,2,Bossière,6.699323529467779,46.50974696958683
8504003,20,2,Bossière,6.699323529467779,46.50974696958683
8504003,21,2,Bossière,6.699323529467779,46.50974696958683
8504003,22,2,Bossière,6.699323529467779,46.50974696958683
8504003,23,2,Bossière,6.699323529467779,46.50974696958683
8504010,00,2,La Conversion,6.678325019744914,46.51308060275005
8504010,05,3,La Conversion,6.678325019744914,46.51308060275005
8504010,06,4,La Conversion,6.678325019744914,46.51308060275005
8504010,07,4,La Conversion,6.678325019744914,46.51308060275005
8504010,08,4,La Conversion,6.678325019744914,46.51308060275005
8504010,09,4,La Conversion,6.678325019744914,46.51308060275005
8504010,10,4,La Conversion,6.678325019744914,46.51308060275005
8504010,11,4,La Conversion,6.678325019744914,46.51308060275005
8504010,12,4,La Conversion,6.678325019744914,46.51308060275005
8504010,13,4,La Conversion,6.678325019744914,46.51308060275005
8504010,14,4,La Conversion,6.678325019744914,46.51308060275005
8504010,15,4,La Conversion,6.678325019744914,46.51308060275005
8504010,16,4,La Conversion,6.678325019744914,46.51308060275005
8504010,17,4,La Conversion,6.678325019744914,46.51308060275005
8504010,18,4,La Conversion,6.678325019744914,46.51308060275005
8504010,19,4,La Conversion,6.678325019744914,46.51308060275005
8504010,20,4,La Conversion,6.678325019744914,46.51308060275005
8504010,21,4,La Conversion,6.678325019744914,46.51308060275005
8504010,22,4,La Conversion,6.678325019744914,46.51308060275005
8504010,23,4,La Conversion,6.678325019744914,46.51308060275005
8504171,06,4,"Lausanne, En Marin",6.684134498601809,46.557109887347174
8504171,07,8,"Lausanne, En Marin",6.684134498601809,46.557109887347174
8504171,08,6,"Lausanne, En Marin",6.684134498601809,46.557109887347174
8504171,09,5,"Lausanne, En Marin",6.684134498601809,46.557109887347174
8504171,10,2,"Lausanne, En Marin",6.684134498601809,46.557109887347174
8504171,11,2,"Lausanne, En Marin",6.684134498601809,46.557109887347174
8504171,12,2,"Lausanne, En Marin",6.684134498601809,46.557109887347174
8504171,14,2,"Lausanne, En Marin",6.684134498601809,46.557109887347174
8504171,16,6,"Lausanne, En Marin",6.684134498601809,46.557109887347174
8504171,17,8,"Lausanne, En Marin",6.684134498601809,46.557109887347174
8504171,18,6,"Lausanne, En Marin",6.684134498601809,46.557109887347174
8504171,19,3,"Lausanne, En Marin",6.684134498601809,46.557109887347174
8504171,20,2,"Lausanne, En Marin",6.684134498601809,46.557109887347174
8504171,21,2,"Lausanne, En Marin",6.684134498601809,46.557109887347174
8504172,00,2,"Savigny, Claie-aux-Moines",6.704089624449201,46.540634194353025
8504172,05,1,"Savigny, Claie-aux-Moines",6.704089624449201,46.540634194353025
8504172,06,4,"Savigny, Claie-aux-Moines",6.704089624449201,46.540634194353025
8504172,07,4,"Savigny, Claie-aux-Moines",6.704089624449201,46.540634194353025
8504172,08,4,"Savigny, Claie-aux-Moines",6.704089624449201,46.540634194353025
8504172,09,3,"Savigny, Claie-aux-Moines",6.704089624449201,46.540634194353025
8504172,10,2,"Savigny, Claie-aux-Moines",6.704089624449201,46.540634194353025
8504172,11,2,"Savigny, Claie-aux-Moines",6.704089624449201,46.540634194353025
8504172,12,2,"Savigny, Claie-aux-Moines",6.704089624449201,46.540634194353025
8504172,13,2,"Savigny, Claie-aux-Moines",6.704089624449201,46.540634194353025
8504172,14,2,"Savigny, Claie-aux-Moines",6.704089624449201,46.540634194353025
8504172,15,2,"Savigny, Claie-aux-Moines",6.704089624449201,46.540634194353025
8504172,16,3,"Savigny, Claie-aux-Moines",6.704089624449201,46.540634194353025
8504172,17,4,"Savigny, Claie-aux-Moines",6.704089624449201,46.540634194353025
8504172,18,4,"Savigny, Claie-aux-Moines",6.704089624449201,46.540634194353025
8504172,19,2,"Savigny, Claie-aux-Moines",6.704089624449201,46.540634194353025
8504172,20,1,"Savigny, Claie-aux-Moines",6.704089624449201,46.540634194353025
8504172,21,2,"Savigny, Claie-aux-Moines",6.704089624449201,46.540634194353025
8504172,22,2,"Savigny, Claie-aux-Moines",6.704089624449201,46.540634194353025
8504172,23,2,"Savigny, Claie-aux-Moines",6.704089624449201,46.540634194353025
8518452,00,4,Prilly-Malley,6.602628885254736,46.52668982155703
8518452,01,1,Prilly-Malley,6.602628885254736,46.52668982155703
8518452,04,1,Prilly-Malley,6.602628885254736,46.52668982155703
8518452,05,4,Prilly-Malley,6.602628885254736,46.52668982155703
8518452,06,6,Prilly-Malley,6.602628885254736,46.52668982155703
8518452,07,6,Prilly-Malley,6.602628885254736,46.52668982155703
8518452,08,6,Prilly-Malley,6.602628885254736,46.52668982155703
8518452,09,6,Prilly-Malley,6.602628885254736,46.52668982155703
8518452,10,6,Prilly-Malley,6.602628885254736,46.52668982155703
8518452,11,6,Prilly-Malley,6.602628885254736,46.52668982155703
8518452,12,6,Prilly-Malley,6.602628885254736,46.52668982155703
8518452,13,6,Prilly-Malley,6.602628885254736,46.52668982155703
8518452,14,6,Prilly-Malley,6.602628885254736,46.52668982155703
8518452,15,6,Prilly-Malley,6.602628885254736,46.52668982155703
8518452,16,6,Prilly-Malley,6.602628885254736,46.52668982155703
8518452,17,6,Prilly-Malley,6.602628885254736,46.52668982155703
8518452,18,6,Prilly-Malley,6.602628885254736,46.52668982155703
8518452,19,6,Prilly-Malley,6.602628885254736,46.52668982155703
8518452,20,6,Prilly-Malley,6.602628885254736,46.52668982155703
8518452,21,6,Prilly-Malley,6.602628885254736,46.52668982155703
8518452,22,6,Prilly-Malley,6.602628885254736,46.52668982155703
8518452,23,6,Prilly-Malley,6.602628885254736,46.52668982155703
8579238,00,1,"Lausanne, Sallaz",6.646189309578407,46.53281388806505
8579238,06,2,"Lausanne, Sallaz",6.646189309578407,46.53281388806505
8579238,07,2,"Lausanne, Sallaz",6.646189309578407,46.53281388806505
8579238,08,2,"Lausanne, Sallaz",6.646189309578407,46.53281388806505
8579238,09,2,"Lausanne, Sallaz",6.646189309578407,46.53281388806505
8579238,10,1,"Lausanne, Sallaz",6.646189309578407,46.53281388806505
8579238,11,1,"Lausanne, Sallaz",6.646189309578407,46.53281388806505
8579238,12,1,"Lausanne, Sallaz",6.646189309578407,46.53281388806505
8579238,13,1,"Lausanne, Sallaz",6.646189309578407,46.53281388806505
8579238,14,1,"Lausanne, Sallaz",6.646189309578407,46.53281388806505
8579238,15,1,"Lausanne, Sallaz",6.646189309578407,46.53281388806505
8579238,17,2,"Lausanne, Sallaz",6.646189309578407,46.53281388806505
8579238,18,2,"Lausanne, Sallaz",6.646189309578407,46.53281388806505
8579238,19,2,"Lausanne, Sallaz",6.646189309578407,46.53281388806505
8579238,21,1,"Lausanne, Sallaz",6.646189309578407,46.53281388806505
8579238,22,1,"Lausanne, Sallaz",6.646189309578407,46.53281388806505
8579238,23,1,"Lausanne, Sallaz",6.646189309578407,46.53281388806505
8579239,06,1,"Epalinges, Croisettes",6.661540363435037,46.543094577938895
8579239,07,4,"Epalinges, Croisettes",6.661540363435037,46.543094577938895
8579239,08,3,"Epalinges, Croisettes",6.661540363435037,46.543094577938895
8579239,09,3,"Epalinges, Croisettes",6.661540363435037,46.543094577938895
8579239,10,1,"Epalinges, Croisettes",6.661540363435037,46.543094577938895
8579239,11,1,"Epalinges, Croisettes",6.661540363435037,46.543094577938895
8579239,12,1,"Epalinges, Croisettes",6.661540363435037,46.543094577938895
8579239,14,1,"Epalinges, Croisettes",6.661540363435037,46.543094577938895
8579239,16,2,"Epalinges, Croisettes",6.661540363435037,46.543094577938895
8579239,17,4,"Epalinges, Croisettes",6.661540363435037,46.543094577938895
8579239,18,3,"Epalinges, Croisettes",6.661540363435037,46.543094577938895
8579239,19,2,"Epalinges, Croisettes",6.661540363435037,46.543094577938895
8579239,20,1,"Epalinges, Croisettes",6.661540363435037,46.543094577938895
8579239,21,1,"Epalinges, Croisettes",6.661540363435037,46.543094577938895
8579245,00,2,"Lausanne, Foyer",6.660037250928987,46.53340454057424
8579245,05,2,"Lausanne, Foyer",6.660037250928987,46.53340454057424
8579245,06,4,"Lausanne, Foyer",6.660037250928987,46.53340454057424
8579245,07,4,"Lausanne, Foyer",6.660037250928987,46.53340454057424
8579245,08,4,"Lausanne, Foyer",6.660037250928987,46.53340454057424
8579245,09,2,"Lausanne, Foyer",6.660037250928987,46.53340454057424
8579245,10,2,"Lausanne, Foyer",6.660037250928987,46.53340454057424
8579245,11,2,"Lausanne, Foyer",6.660037250928987,46.53340454057424
8579245,12,2,"Lausanne, Foyer",6.660037250928987,46.53340454057424
8579245,13,2,"Lausanne, Foyer",6.660037250928987,46.53340454057424
8579245,14,2,"Lausanne, Foyer",6.660037250928987,46.53340454057424
8579245,15,3,"Lausanne, Foyer",6.660037250928987,46.53340454057424
8579245,16,3,"Lausanne, Foyer",6.660037250928987,46.53340454057424
8579245,17,4,"Lausanne, Foyer",6.660037250928987,46.53340454057424
8579245,18,3,"Lausanne, Foyer",6.660037250928987,46.53340454057424
8579245,19,2,"Lausanne, Foyer",6.660037250928987,46.53340454057424
8579245,20,1,"Lausanne, Foyer",6.660037250928987,46.53340454057424
8579245,21,2,"Lausanne, Foyer",6.660037250928987,46.53340454057424
8579245,22,2,"Lausanne, Foyer",6.660037250928987,46.53340454057424
8579245,23,2,"Lausanne, Foyer",6.660037250928987,46.53340454057424
8579246,00,2,"Lausanne, Rovéréaz",6.667724721921511,46.53272835391007
8579246,05,1,"Lausanne, Rovéréaz",6.667724721921511,46.53272835391007
8579246,06,4,"Lausanne, Rovéréaz",6.667724721921511,46.53272835391007
8579246,07,4,"Lausanne, Rovéréaz",6.667724721921511,46.53272835391007
8579246,08,4,"Lausanne, Rovéréaz",6.667724721921511,46.53272835391007
8579246,09,3,"Lausanne, Rovéréaz",6.667724721921511,46.53272835391007
8579246,10,2,"Lausanne, Rovéréaz",6.667724721921511,46.53272835391007
8579246,11,2,"Lausanne, Rovéréaz",6.667724721921511,46.53272835391007
8579246,12,2,"Lausanne, Rovéréaz",6.667724721921511,46.53272835391007
8579246,13,2,"Lausanne, Rovéréaz",6.667724721921511,46.53272835391007
8579246,14,2,"Lausanne, Rovéréaz",6.667724721921511,46.53272835391007
8579246,15,2,"Lausanne, Rovéréaz",6.667724721921511,46.53272835391007
8579246,16,3,"Lausanne, Rovéréaz",6.667724721921511,46.53272835391007
8579246,17,4,"Lausanne, Rovéréaz",6.667724721921511,46.53272835391007
8579246,18,4,"Lausanne, Rovéréaz",6.667724721921511,46.53272835391007
8579246,19,2,"Lausanne, Rovéréaz",6.667724721921511,46.53272835391007
8579246,20,1,"Lausanne, Rovéréaz",6.667724721921511,46.53272835391007
8579246,21,2,"Lausanne, Rovéréaz",6.667724721921511,46.53272835391007
8579246,22,2,"Lausanne, Rovéréaz",6.667724721921511,46.53272835391007
8579246,23,2,"Lausanne, Rovéréaz",6.667724721921511,46.53272835391007
8579247,00,2,"Montblesson, Centenaire",6.677798268523812,46.53661965904165
8579247,05,1,"Montblesson, Centenaire",6.677798268523812,46.53661965904165
8579247,06,4,"Montblesson, Centenaire",6.677798268523812,46.53661965904165
8579247,07,4,"Montblesson, Centenaire",6.677798268523812,46.53661965904165
8579247,08,4,"Montblesson, Centenaire",6.677798268523812,46.53661965904165
8579247,09,3,"Montblesson, Centenaire",6.677798268523812,46.53661965904165
8579247,10,2,"Montblesson, Centenaire",6.677798268523812,46.53661965904165
8579247,11,2,"Montblesson, Centenaire",6.677798268523812,46.53661965904165
8579247,12,2,"Montblesson, Centenaire",6.677798268523812,46.53661965904165
8579247,13,2,"Montblesson, Centenaire",6.677798268523812,46.53661965904165
8579247,14,2,"Montblesson, Centenaire",6.677798268523812,46.53661965904165
8579247,15,2,"Montblesson, Centenaire",6.677798268523812,46.53661965904165
8579247,16,3,"Montblesson, Centenaire",6.677798268523812,46.53661965904165
8579247,17,4,"Montblesson, Centenaire",6.677798268523812,46.53661965904165
8579247,18,4,"Montblesson, Centenaire",6.677798268523812,46.53661965904165
8579247,19,2,"Montblesson, Centenaire",6.677798268523812,46.53661965904165
8579247,20,1,"Montblesson, Centenaire",6.677798268523812,46.53661965904165
8579247,21,2,"Montblesson, Centenaire",6.677798268523812,46.53661965904165
8579247,22,2,"Montblesson, Centenaire",6.677798268523812,46.53661965904165
8579247,23,2,"Montblesson, Centenaire",6.677798268523812,46.53661965904165
8579248,00,2,"Pully, Trois-Chasseurs",6.684426063403738,46.534360928597344
8579248,05,1,"Pully, Trois-Chasseurs",6.684426063403738,46.534360928597344
8579248,06,4,"Pully, Trois-Chasseurs",6.684426063403738,46.534360928597344
8579248,07,4,"Pully, Trois-Chasseurs",6.684426063403738,46.534360928597344
8579248,08,4,"Pully, Trois-Chasseurs",6.684426063403738,46.534360928597344
8579248,09,3,"Pully, Trois-Chasseurs",6.684426063403738,46.534360928597344
8579248,10,2,"Pully, Trois-Chasseurs",6.684426063403738,46.534360928597344
8579248,11,2,"Pully, Trois-Chasseurs",6.684426063403738,46.534360928597344
8579248,12,2,"Pully, Trois-Chasseurs",6.684426063403738,46.534360928597344
8579248,13,2,"Pully, Trois-Chasseurs",6.684426063403738,46.534360928597344
8579248,14,2,"Pully, Trois-Chasseurs",6.684426063403738,46.534360928597344
8579248,15,2,"Pully, Trois-Chasseurs",6.684426063403738,46.534360928597344
8579248,16,3,"Pully, Trois-Chasseurs",6.684426063403738,46.534360928597344
8579248,17,4,"Pully, Trois-Chasseurs",6.684426063403738,46.534360928597344
8579248,18,4,"Pully, Trois-Chasseurs",6.684426063403738,46.534360928597344
8579248,19,2,"Pully, Trois-Chasseurs",6.684426063403738,46.534360928597344
8579248,20,1,"Pully, Trois-Chasseurs",6.684426063403738,46.534360928597344
8579248,21,2,"Pully, Trois-Chasseurs",6.684426063403738,46.534360928597344
8579248,22,2,"Pully, Trois-Chasseurs",6.684426063403738,46.534360928597344
8579248,23,2,"Pully, Trois-Chasseurs",6.684426063403738,46.534360928597344
8579249,00,2,"Pully, Monts-de-Pully",6.688601149867501,46.53597190160384
8579249,05,1,"Pully, Monts-de-Pully",6.688601149867501,46.53597190160384
8579249,06,4,"Pully, Monts-de-Pully",6.688601149867501,46.53597190160384
8579249,07,4,"Pully, Monts-de-Pully",6.688601149867501,46.53597190160384
8579249,08,4,"Pully, Monts-de-Pully",6.688601149867501,46.53597190160384
8579249,09,3,"Pully, Monts-de-Pully",6.688601149867501,46.53597190160384
8579249,10,2,"Pully, Monts-de-Pully",6.688601149867501,46.53597190160384
8579249,11,2,"Pully, Monts-de-Pully",6.688601149867501,46.53597190160384
8579249,12,2,"Pully, Monts-de-Pully",6.688601149867501,46.53597190160384
8579249,13,2,"Pully, Monts-de-Pully",6.688601149867501,46.53597190160384
8579249,14,2,"Pully, Monts-de-Pully",6.688601149867501,46.53597190160384
8579249,15,2,"Pully, Monts-de-Pully",6.688601149867501,46.53597190160384
8579249,16,3,"Pully, Monts-de-Pully",6.688601149867501,46.53597190160384
8579249,17,4,"Pully, Monts-de-Pully",6.688601149867501,46.53597190160384
8579249,18,4,"Pully, Monts-de-Pully",6.688601149867501,46.53597190160384
8579249,19,2,"Pully, Monts-de-Pully",6.688601149867501,46.53597190160384
8579249,20,1,"Pully, Monts-de-Pully",6.688601149867501,46.53597190160384
8579249,21,2,"Pully, Monts-de-Pully",6.688601149867501,46.53597190160384
8579249,22,2,"Pully, Monts-de-Pully",6.688601149867501,46.53597190160384
8579249,23,2,"Pully, Monts-de-Pully",6.688601149867501,46.53597190160384
8582778,06,2,"Grandvaux, Crêt-Mouton",6.717720734196449,46.508812882029815
8582778,07,1,"Grandvaux, Crêt-Mouton",6.717720734196449,46.508812882029815
8582778,08,2,"Grandvaux, Crêt-Mouton",6.717720734196449,46.508812882029815
8582778,09,1,"Grandvaux, Crêt-Mouton",6.717720734196449,46.508812882029815
8582778,12,1,"Grandvaux, Crêt-Mouton",6.717720734196449,46.508812882029815
8582778,16,2,"Grandvaux, Crêt-Mouton",6.717720734196449,46.508812882029815
8582778,17,2,"Grandvaux, Crêt-Mouton",6.717720734196449,46.508812882029815
8582778,18,2,"Grandvaux, Crêt-Mouton",6.717720734196449,46.508812882029815
8582778,19,1,"Grandvaux, Crêt-Mouton",6.717720734196449,46.508812882029815
8582779,06,2,"Grandvaux, Le Signal",6.715065039444638,46.504747773611115
8582779,07,1,"Grandvaux, Le Signal",6.715065039444638,46.504747773611115
8582779,08,2,"Grandvaux, Le Signal",6.715065039444638,46.504747773611115
8582779,09,1,"Grandvaux, Le Signal",6.715065039444638,46.504747773611115
8582779,12,1,"Grandvaux, Le Signal",6.715065039444638,46.504747773611115
8582779,16,2,"Grandvaux, Le Signal",6.715065039444638,46.504747773611115
8582779,17,2,"Grandvaux, Le Signal",6.715065039444638,46.504747773611115
8582779,18,2,"Grandvaux, Le Signal",6.715065039444638,46.504747773611115
8582779,19,1,"Grandvaux, Le Signal",6.715065039444638,46.504747773611115
8582781,06,2,"Grandvaux, Le Bougnon",6.715874737132626,46.49485734880095
8582781,07,3,"Grandvaux, Le Bougnon",6.715874737132626,46.49485734880095
8582781,08,2,"Grandvaux, Le Bougnon",6.715874737132626,46.49485734880095
8582781,09,1,"Grandvaux, Le Bougnon",6.715874737132626,46.49485734880095
8582781,12,1,"Grandvaux, Le Bougnon",6.715874737132626,46.49485734880095
8582781,13,2,"Grandvaux, Le Bougnon",6.715874737132626,46.49485734880095
8582781,14,2,"Grandvaux, Le Bougnon",6.715874737132626,46.49485734880095
8582781,15,2,"Grandvaux, Le Bougnon",6.715874737132626,46.49485734880095
8582781,16,2,"Grandvaux, Le Bougnon",6.715874737132626,46.49485734880095
8582781,17,2,"Grandvaux, Le Bougnon",6.715874737132626,46.49485734880095
8582781,18,2,"Grandvaux, Le Bougnon",6.715874737132626,46.49485734880095
8582781,19,1,"Grandvaux, Le Bougnon",6.715874737132626,46.49485734880095
8587546,06,5,"Epalinges, Lion d'Or",6.68073860569777,46.551905565373474
8587546,07,8,"Epalinges, Lion d'Or",6.68073860569777,46.551905565373474
8587546,08,6,"Epalinges, Lion d'Or",6.68073860569777,46.551905565373474
8587546,09,4,"Epalinges, Lion d'Or",6.68073860569777,46.551905565373474
8587546,10,2,"Epalinges, Lion d'Or",6.68073860569777,46.551905565373474
8587546,11,2,"Epalinges, Lion d'Or",6.68073860569777,46.551905565373474
8587546,12,2,"Epalinges, Lion d'Or",6.68073860569777,46.551905565373474
8587546,14,2,"Epalinges, Lion d'Or",6.68073860569777,46.551905565373474
8587546,15,1,"Epalinges, Lion d'Or",6.68073860569777,46.551905565373474
8587546,16,6,"Epalinges, Lion d'Or",6.68073860569777,46.551905565373474
8587546,17,8,"Epalinges, Lion d'Or",6.68073860569777,46.551905565373474
8587546,18,6,"Epalinges, Lion d'Or",6.68073860569777,46.551905565373474
8587546,19,2,"Epalinges, Lion d'Or",6.68073860569777,46.551905565373474
8587546,20,2,"Epalinges, Lion d'Or",6.68073860569777,46.551905565373474
8587546,21,2,"Epalinges, Lion d'Or",6.68073860569777,46.551905565373474
8587929,06,4,"Lausanne, Chalet-à-Gobet",6.691448895993894,46.56476887790924
8587929,07,8,"Lausanne, Chalet-à-Gobet",6.691448895993894,46.56476887790924
8587929,08,6,"Lausanne, Chalet-à-Gobet",6.691448895993894,46.56476887790924
8587929,09,5,"Lausanne, Chalet-à-Gobet",6.691448895993894,46.56476887790924
8587929,10,2,"Lausanne, Chalet-à-Gobet",6.691448895993894,46.56476887790924
8587929,11,2,"Lausanne, Chalet-à-Gobet",6.691448895993894,46.56476887790924
8587929,12,2,"Lausanne, Chalet-à-Gobet",6.691448895993894,46.56476887790924
8587929,14,2,"Lausanne, Chalet-à-Gobet",6.691448895993894,46.56476887790924
8587929,16,6,"Lausanne, Chalet-à-Gobet",6.691448895993894,46.56476887790924
8587929,17,8,"Lausanne, Chalet-à-Gobet",6.691448895993894,46.56476887790924
8587929,18,6,"Lausanne, Chalet-à-Gobet",6.691448895993894,46.56476887790924
8587929,19,3,"Lausanne, Chalet-à-Gobet",6.691448895993894,46.56476887790924
8587929,20,2,"Lausanne, Chalet-à-Gobet",6.691448895993894,46.56476887790924
8587929,21,2,"Lausanne, Chalet-à-Gobet",6.691448895993894,46.56476887790924
8588454,06,3,"Grandvaux, Pra Grana",6.714661037913501,46.502811057177965
8588454,07,1,"Grandvaux, Pra Grana",6.714661037913501,46.502811057177965
8588454,08,2,"Grandvaux, Pra Grana",6.714661037913501,46.502811057177965
8588454,09,1,"Grandvaux, Pra Grana",6.714661037913501,46.502811057177965
8588454,12,1,"Grandvaux, Pra Grana",6.714661037913501,46.502811057177965
8588454,13,1,"Grandvaux, Pra Grana",6.714661037913501,46.502811057177965
8588454,14,1,"Grandvaux, Pra Grana",6.714661037913501,46.502811057177965
8588454,15,1,"Grandvaux, Pra Grana",6.714661037913501,46.502811057177965
8588454,16,2,"Grandvaux, Pra Grana",6.714661037913501,46.502811057177965
8588454,17,2,"Grandvaux, Pra Grana",6.714661037913501,46.502811057177965
8588454,18,2,"Grandvaux, Pra Grana",6.714661037913501,46.502811057177965
8588454,19,1,"Grandvaux, Pra Grana",6.714661037913501,46.502811057177965
8592006,06,4,"Lausanne, Chalet-Fontaine",6.699703292159289,46.56775559481226
8592006,07,8,"Lausanne, Chalet-Fontaine",6.699703292159289,46.56775559481226
8592006,08,6,"Lausanne, Chalet-Fontaine",6.699703292159289,46.56775559481226
8592006,09,5,"Lausanne, Chalet-Fontaine",6.699703292159289,46.56775559481226
8592006,10,2,"Lausanne, Chalet-Fontaine",6.699703292159289,46.56775559481226
8592006,11,2,"Lausanne, Chalet-Fontaine",6.699703292159289,46.56775559481226
8592006,12,2,"Lausanne, Chalet-Fontaine",6.699703292159289,46.56775559481226
8592006,14,2,"Lausanne, Chalet-Fontaine",6.699703292159289,46.56775559481226
8592006,16,6,"Lausanne, Chalet-Fontaine",6.699703292159289,46.56775559481226
8592006,17,8,"Lausanne, Chalet-Fontaine",6.699703292159289,46.56775559481226
8592006,18,6,"Lausanne, Chalet-Fontaine",6.699703292159289,46.56775559481226
8592006,19,3,"Lausanne, Chalet-Fontaine",6.699703292159289,46.56775559481226
8592006,20,2,"Lausanne, Chalet-Fontaine",6.699703292159289,46.56775559481226
8592006,21,2,"Lausanne, Chalet-Fontaine",6.699703292159289,46.56775559481226
8592117,06,2,"Lausanne, Ste-Catherine",6.708646847049509,46.5709710381593
8592117,07,4,"Lausanne, Ste-Catherine",6.708646847049509,46.5709710381593
8592117,08,4,"Lausanne, Ste-Catherine",6.708646847049509,46.5709710381593
8592117,09,3,"Lausanne, Ste-Catherine",6.708646847049509,46.5709710381593
8592117,16,4,"Lausanne, Ste-Catherine",6.708646847049509,46.5709710381593
8592117,17,4,"Lausanne, Ste-Catherine",6.708646847049509,46.5709710381593
8592117,18,4,"Lausanne, Ste-Catherine",6.708646847049509,46.5709710381593
8592117,19,1,"Lausanne, Ste-Catherine",6.708646847049509,46.5709710381593
8592130,06,4,"Lausanne, Vert-Bois/EHL",6.684960974612129,46.560497873137024
8592130,07,8,"Lausanne, Vert-Bois/EHL",6.684960974612129,46.560497873137024
8592130,08,6,"Lausanne, Vert-Bois/EHL",6.684960974612129,46.560497873137024
8592130,09,5,"Lausanne, Vert-Bois/EHL",6.684960974612129,46.560497873137024
8592130,10,2,"Lausanne, Vert-Bois/EHL",6.684960974612129,46.560497873137024
8592130,11,2,"Lausanne, Vert-Bois/EHL",6.684960974612129,46.560497873137024
8592130,12,2,"Lausanne, Vert-Bois/EHL",6.684960974612129,46.560497873137024
8592130,14,2,"Lausanne, Vert-Bois/EHL",6.684960974612129,46.560497873137024
8592130,16,6,"Lausanne, Vert-Bois/EHL",6.684960974612129,46.560497873137024
8592130,17,8,"Lausanne, Vert-Bois/EHL",6.684960974612129,46.560497873137024
8592130,18,6,"Lausanne, Vert-Bois/EHL",6.684960974612129,46.560497873137024
8592130,19,3,"Lausanne, Vert-Bois/EHL",6.684960974612129,46.560497873137024
8592130,20,2,"Lausanne, Vert-Bois/EHL",6.684960974612129,46.560497873137024
8592130,21,2,"Lausanne, Vert-Bois/EHL",6.684960974612129,46.560497873137024
8592194,00,2,"Pully, Ravessoud",6.69691320900258,46.53917514088077
8592194,05,1,"Pully, Ravessoud",6.69691320900258,46.53917514088077
8592194,06,4,"Pully, Ravessoud",6.69691320900258,46.53917514088077
8592194,07,4,"Pully, Ravessoud",6.69691320900258,46.53917514088077
8592194,08,4,"Pully, Ravessoud",6.69691320900258,46.53917514088077
8592194,09,3,"Pully, Ravessoud",6.69691320900258,46.53917514088077
8592194,10,2,"Pully, Ravessoud",6.69691320900258,46.53917514088077
8592194,11,2,"Pully, Ravessoud",6.69691320900258,46.53917514088077
8592194,12,2,"Pully, Ravessoud",6.69691320900258,46.53917514088077
8592194,13,2,"Pully, Ravessoud",6.69691320900258,46.53917514088077
8592194,14,2,"Pully, Ravessoud",6.69691320900258,46.53917514088077
8592194,15,2,"Pully, Ravessoud",6.69691320900258,46.53917514088077
8592194,16,3,"Pully, Ravessoud",6.69691320900258,46.53917514088077
8592194,17,4,"Pully, Ravessoud",6.69691320900258,46.53917514088077
8592194,18,4,"Pully, Ravessoud",6.69691320900258,46.53917514088077
8592194,19,2,"Pully, Ravessoud",6.69691320900258,46.53917514088077
8592194,20,1,"Pully, Ravessoud",6.69691320900258,46.53917514088077
8592194,21,2,"Pully, Ravessoud",6.69691320900258,46.53917514088077
8592194,22,2,"Pully, Ravessoud",6.69691320900258,46.53917514088077
8592194,23,2,"Pully, Ravessoud",6.69691320900258,46.53917514088077
8592233,00,2,"Savigny, Publoz",6.715689569181506,46.54183318974649
8592233,05,1,"Savigny, Publoz",6.715689569181506,46.54183318974649
8592233,06,4,"Savigny, Publoz",6.715689569181506,46.54183318974649
8592233,07,4,"Savigny, Publoz",6.715689569181506,46.54183318974649
8592233,08,4,"Savigny, Publoz",6.715689569181506,46.54183318974649
8592233,09,3,"Savigny, Publoz",6.715689569181506,46.54183318974649
8592233,10,2,"Savigny, Publoz",6.715689569181506,46.54183318974649
8592233,11,2,"Savigny, Publoz",6.715689569181506,46.54183318974649
8592233,12,2,"Savigny, Publoz",6.715689569181506,46.54183318974649
8592233,13,2,"Savigny, Publoz",6.715689569181506,46.54183318974649
8592233,14,2,"Savigny, Publoz",6.715689569181506,46.54183318974649
8592233,15,2,"Savigny, Publoz",6.715689569181506,46.54183318974649
8592233,16,3,"Savigny, Publoz",6.715689569181506,46.54183318974649
8592233,17,4,"Savigny, Publoz",6.715689569181506,46.54183318974649
8592233,18,4,"Savigny, Publoz",6.715689569181506,46.54183318974649
8592233,19,2,"Savigny, Publoz",6.715689569181506,46.54183318974649
8592233,20,1,"Savigny, Publoz",6.715689569181506,46.54183318974649
8592233,21,2,"Savigny, Publoz",6.715689569181506,46.54183318974649
8592233,22,2,"Savigny, Publoz",6.715689569181506,46.54183318974649
8592233,23,2,"Savigny, Publoz",6.715689569181506,46.54183318974649
8595728,06,2,"Grandvaux, Genevrey",6.7161870350620445,46.498781591110706
8595728,07,3,"Grandvaux, Genevrey",6.7161870350620445,46.498781591110706
8595728,08,2,"Grandvaux, Genevrey",6.7161870350620445,46.498781591110706
8595728,09,1,"Grandvaux, Genevrey",6.7161870350620445,46.498781591110706
8595728,12,1,"Grandvaux, Genevrey",6.7161870350620445,46.498781591110706
8595728,13,2,"Grandvaux, Genevrey",6.7161870350620445,46.498781591110706
8595728,14,2,"Grandvaux, Genevrey",6.7161870350620445,46.498781591110706
8595728,15,2,"Grandvaux, Genevrey",6.7161870350620445,46.498781591110706
8595728,16,2,"Grandvaux, Genevrey",6.7161870350620445,46.498781591110706
8595728,17,2,"Grandvaux, Genevrey",6.7161870350620445,46.498781591110706
8595728,18,2,"Grandvaux, Genevrey",6.7161870350620445,46.498781591110706
8595728,19,1,"Grandvaux, Genevrey",6.7161870350620445,46.498781591110706
